{"cameraMode":{"drawMode":0,"name":"Shaded","section":"Shading Mode"},"sceneLighting":true,"audioPlay":false,"sceneViewState":{"m_AlwaysRefresh":false,"showFog":true,"showSkybox":true,"showFlares":true,"showImageEffects":true,"showParticleSystems":true,"showVisualEffectGraphs":true,"m_FxEnabled":true},"in2DMode":false,"pivot":{"x":12.464710235595704,"y":8.945524215698243,"z":0.014616966247558594},"rotation":{"x":0.40444040298461916,"y":-0.3116869628429413,"z":0.15151521563529969,"w":0.8468166589736939},"size":9.116680145263672,"orthographic":false}